Topic,Count,Name,Representation,Representative_Docs
0,1960,0_wifi_internet_free_wi,"['wifi', 'internet', 'free', 'wi', 'fi', 'wi fi', 'free wifi', 'connection', 'slow', 'wifi connection', 'work', 'poor', 'signal', 'wifi room', 'internet connection']","['really small swimming pool not clean i had a lot of problems with wifi free wifi is acceptable up to 1mbit speed but when i upgraded to enhanced i had a lot of problems reseting the wifi', 'i could not make the wifi work', 'poor wifi and cost of wifi poorpoor']"
1,1748,1_air_conditioning_air conditioning_heating,"['air', 'conditioning', 'air conditioning', 'heating', 'hot', 'warm', 'temperature', 'cold', 'open', 'ac', 'window', 'working', 'windows', 'fan', 'work']","['air conditioning was smelly not good', 'the room was too hot and because there were no windows to open it was hard to cool down better air conditioning would help', 'i can t open windows air conditioning bad working']"
2,1589,2_tea_coffee_tea coffee_kettle,"['tea', 'coffee', 'tea coffee', 'kettle', 'facilities', 'making facilities', 'making', 'milk', 'coffee making', 'facilities room', 'machine', 'coffee tea', 'coffee facilities', 'coffee machine', 'coffee room']","['would have liked tea coffee making facilities in the room', 'that there was no tea coffee making facilities in the room i had to buy a kettle', 'no tea or coffee making facilities noisy']"
3,940,3_lift_stairs_elevator_lifts,"['lift', 'stairs', 'elevator', 'lifts', 'floor', 'elevators', 'luggage', 'slow', 'carry', 'working', 'small', 'use', 'steps', 'floor lift', 'narrow']","['the lift was out of order for 2 days and there is only one main lift so we used the service lift which was very small', '1 by check in the lifts were out of service 2 the stairs were too narrow', 'not enough lifts and stairs not close']"
4,823,4_parking_car_park_car park,"['parking', 'car', 'park', 'car park', 'car parking', 'garage', 'spaces', 'park car', 'hotel parking', 'expensive', 'parking expensive', 'free parking', 'hotel', 'valet', 'free']","['parking was full and had to park outside the covered parking', 'hotel advertised parking but actually has no parking but multistorey car park behind', 'shame that our car was too big for the parking we booked so we had to park in a secure public car park close by']"
5,661,5_restaurant_food_menu_dinner,"['restaurant', 'food', 'menu', 'dinner', 'restaurants', 'meal', 'room service', 'evening', 'service', 'eat', 'ordered', 'steak', 'evening meal', 'limited', 'quality']","['the restaurant and bar areas are lovely but the restaurant menu was somewhat limited and more to sharing platters than to plated meals although plated meals were offered on the room service menu a menu which was oddly enough not available in the restaurant a somewhat more conventional restaurant or cafe menu would be appreciated and while the room was very well equipped there was no outlet in the bathroom for the hair dryer so the hairdryer had to be used in the bedroom which was a bit awkward', 'the restaurant dinner menu was very limited and needs more variety food we wanted was not available', 'food for evening meal in the restaurant could have been better']"
6,637,6_tv_channels_tv channels_english,"['tv', 'channels', 'tv channels', 'english', 'remote', 'watch', 'television', 'work', 'news', 'channel', 'didn work', 'tv didn', 'tv room', 'did work', 'room tv']","['selection of english speaking tv channels limited to news', 'there are no tv channels or subtitles in english except for the news channel', 'more tv channels in english there were only news channels available in english and no pay tv']"
7,628,7_light_dark_lighting_lights,"['light', 'dark', 'lighting', 'lights', 'natural', 'natural light', 'room dark', 'lighting room', 'light room', 'bright', 'curtains', 'window', 'room', 'bathroom', 'lights room']","['the room i was in was like a prison cell room 103 a little horizontal window at the top of the wall which you only get a little bit of natural light through the room was very dark lights were too dull', 'could not work the lighting it was all lights on or off', 'the room was very dark difficult to make up because of lack of light']"
8,593,8_pool_swimming_swimming pool_pool area,"['pool', 'swimming', 'swimming pool', 'pool area', 'swim', 'pool small', 'use pool', 'use', 'area', 'roof', 'sun', 'children', 'heated', 'spa', 'roof pool']","['we have only one problem swimming pool we choose this hotel for pool and sun but unfortunately the swimming pool was too cold and nobody can swim we noticed each day but they did not matter about our problem also there was some trashes in the swimming pool', 'swimming pool was not available for two days', 'very crowded water of swimming pool wasn t clean swimming pool area too crowded i booked the hotel because it had a swimming pool but we didn t had the chance to enjoy it']"
9,559,9_decor_old_refurbishment_renovation,"['decor', 'old', 'refurbishment', 'renovation', 'dated', 'furniture', 'needs', 'need', 'tired', 'rooms', 'decoration', 'need refurbishment', 'lobby', 'little', 'bit']","['while the room furniture and decor is a little dated it didn t tarnish our stay', 'old furniture hotel need renovation this is more 3 star hotel', 'room could do with refurbishment looking a little tired']"
10,551,10_mattress_bed_uncomfortable_hard,"['mattress', 'bed', 'uncomfortable', 'hard', 'soft', 'comfortable', 'beds', 'firm', 'pillows', 'bed little', 'sleep', 'sofa', 'sofa bed', 'bed uncomfortable', 'bed hard']","['bed was a little too firm for a comfortable nights sleep', 'hard bed sofa bed uncomfortable', 'the mattress could do with being replaced it was not that comfortable']"
11,550,11_card_credit_credit card_deposit,"['card', 'credit', 'credit card', 'deposit', 'payment', 'account', 'cash', 'charged', 'pay', 'bank', 'money', '50', 'paid', 'booking', 'check']","['payment procedure payment for the room was hold on the credit card while the hotel charged the card once more when money were not back on the card it was necessary to pay with another card and have the amount available again in 1 week very inconvenient', 'i paid 100euros as a deposit using my credit card i have checked out for 4 days but i still not receive the deposit back to my account yet', 'taking payment from my credit card before i even arrived']"
12,537,12_breakfast_included_breakfast included_price,"['breakfast', 'included', 'breakfast included', 'price', 'expensive', 'price breakfast', 'breakfast expensive', 'included price', 'expensive breakfast', 'euros', 'value', 'breakfast price', 'cafe', 'priced', 'thought']","['nothing except it would have been good to have had breakfast included in the price', 'not much perhaps breakfast could have been included', 'for the price breakfast could have been included even if not availed of']"
13,495,13_view_room view_view room_balcony,"['view', 'room view', 'view room', 'balcony', 'window', 'views', 'city view', 'wall', 'building', 'view window', 'river', 'room', 'floor', 'looking', 'courtyard']","['i had to choose between small room with a view or a big room and no view', 'can only get a view if you get a room that has one it would be nice for a high floor to provide a view', 'view from my room but i could of paid and had a better view']"
14,479,14_star_star hotel_stars_hotel,"['star', 'star hotel', 'stars', 'hotel', 'stars hotel', 'hotel star', 'rooms', 'hotel stars', 'rating', 'like star', 'old', 'standard', 'definitely', 'like', 'small']","['very outdated hotel it is definitely not a 4 star hotel but rather a 2 star hotel', 'it is more a 3 star hotel once it was a 4 star in 1976 but nothing really changed since then it got the minimum maintenance which is needed but definitely cries for a huge refurbish if you are looking for a real 4 star look elsewhere', 'they charge people for 4 star hotel which is not deserv have even 3 stars']"
15,454,15_city_far_center_location,"['city', 'far', 'center', 'location', 'metro', 'bit far', 'city center', 'far city', 'centre', 'station', 'walk', 'city centre', 'train', 'little far', 'town']","['location is a bit far from the city center but the transport around is very convenient bus stop and metro station', 'location is a bit far from city center', 'a bit far for city center and metro station']"
16,395,16_check_ready_room ready_late check,"['check', 'ready', 'room ready', 'late check', 'late', 'early check', 'check time', 'early', '3pm', 'time', 'wait', 'hour', 'check check', 'long', 'hours']","['no late check out possible even for 1 hour', 'check in and check out were extemely slow with no fast check out', 'room was not ready for 2 hrs after check in time']"
17,359,17_air_noisy_air conditioning_conditioning,"['air', 'noisy', 'air conditioning', 'conditioning', 'noise', 'noisy air', 'unit', 'sleep', 'loud', 'window', 'heating', 'ac', 'hot', 'room noisy', 'night']","['air conditioning is a little bit noisy', 'a little bit too noisy air conditioning', 'noisy air conditioning heating unit']"
18,343,18_pillows_pillow_soft_pillows soft,"['pillows', 'pillow', 'soft', 'pillows soft', 'hard', 'pillows hard', 'flat', 'feather', 'neck', 'pillows bit', 'uncomfortable', 'pillows uncomfortable', 'pillows room', 'sleep', 'soft pillows']","['the pillows were horendous had to pay for a proper pillow', 'pillows were too think we requested later thinner pillows and they provided us', 'the only thing i found was the pillows were not good for me to soft']"
19,322,19_smoking_smoke_smoking room_non smoking,"['smoking', 'smoke', 'smoking room', 'non smoking', 'cigarette', 'smell', 'non', 'cigarette smoke', 'cigarettes', 'smelt', 'smelled', 'room smelt', 'room smelled', 'smell smoke', 'smoke room']","['the non smoking room smelt as if someone had been smoking in there recently', 'the room was not clean smell of smoke in a non smoking room', 'persistent smoking smell in a non smoking room']"
20,311,20_small_room small_size_room little,"['small', 'room small', 'size', 'room little', 'single room', 'smaller', 'single', 'bigger', 'little small', 'room', 'bit small', 'size room', 'shoe', 'little', 'larger']","['nothing really apart from the room was a little small but i am not criticising', 'the size of the room is very small never seen such a tiny room', 'we found the size of the room a little on the small side']"
21,310,21_breakfast_breakfast staff_staff_table,"['breakfast', 'breakfast staff', 'staff', 'table', 'staff breakfast', 'tables', 'queue', 'breakfast service', 'food', 'waiting', 'wait', 'table breakfast', 'queue breakfast', 'service', 'wait table']","['nothing though it did occur to me that the breakfast staff could have been a little more animated without being chatty or over friendly at that time in the morning', 'the breakfast staff on level 3 were not very friendly', 'breakfast staff at breakfast not welcoming']"
22,308,22_staff_helpful_friendly_rude,"['staff', 'helpful', 'friendly', 'rude', 'staff friendly', 'staff helpful', 'staff rude', 'attitude', 'member', 'staff bit', 'welcoming', 'member staff', 'service', 'customer', 'staff staff']","['staff were not friendly and helpful as expected from such facility', 'staff helpful adhd friendly great lo', 'during the stay one member of staff not very helpful']"
23,305,23_towels_towel_bath towels_bath,"['towels', 'towel', 'bath towels', 'bath', 'hooks', 'hang', 'towels bathroom', 'hand towels', 'changed', 'bath towel', 'hang towels', 'clean', 'hand', 'bathroom', 'towels clean']","['towels were not to the quality i would have expected', 'there was towels only for one person upon arrival', 'there were four adults staying in the hotel and only 2 bath towels 2 hand towels if we all wanted showers we wouldn t have enough towels']"
24,298,24_noise_noisy_hotel_street,"['noise', 'noisy', 'hotel', 'street', 'construction', 'loud', 'night', 'hotel noisy', 'sleep', 'quiet', 'traffic', 'road', 'fault', 'outside', 'rooms']","['street noise and partying people loud from evening to early morning if you are a light sleeper i would not recommend this hotel', 'it was very noisy with outdoor noise and noise within the hotel', 'the one issue that spoiled our stay was the excessive road traffic noise on hendon way my wife was unable to sleep at all on saturday night and unfortunately our room 209 was located at the front of the hotel directly overlooking the busy road i don t think the skylight window had double glazed sound proofing and as we were only staying for one night we decided not to request a room change i also requested a quiet room away from traffic noise when i made the initial on line booking but that seems to have been overlooked']"
25,298,25_breakfast_fruit_variety_fresh,"['breakfast', 'fruit', 'variety', 'fresh', 'selection', 'juice', 'choice', 'breakfast good', 'fruits', 'fresh fruit', 'orange', 'breakfast bit', 'good', 'orange juice', 'food']","['breakfast variety could have been better with more fruits and fresh vegetable', 'some fruit yoghurts at breakfast would have been good', 'the breakfast was faily poor in fresh fruit']"
26,292,26_carpet_carpets_dirty_stained,"['carpet', 'carpets', 'dirty', 'stained', 'carpet room', 'worn', 'old', 'stains', 'needs', 'dirty carpet', 'furniture', 'clean', 'bedroom', 'paint', 'carpets room']","['the rooms carpet could have been cleaner there were a few stains on the carpet which were quite large and looked as though they had been tried to be covered with the table', 'room is very small carpet on the floor since i am alergic', 'bedroom carpet could have had a better clean as some bits still on carpet']"
27,276,27_bathroom_bathroom small_small_toilet,"['bathroom', 'bathroom small', 'small', 'toilet', 'small bathroom', 'sink', 'size', 'room bathroom', 'space', 'room small', 'bathroom little', 'cramped', 'tiny', 'shelf', 'room']","['the room in particular the bathroom is small it was ok but if i had to complain about one thing it would be the small bathroom', 'the bathroom was very small in our room however there was more bathroom space in our children s room', 'size of toilet need to redesign the whole bathroom']"
28,273,28_noise_street_noisy_traffic,"['noise', 'street', 'noisy', 'traffic', 'road', 'noise street', 'street noise', 'windows', 'traffic noise', 'noisy night', 'bit noisy', 'glazed', 'night', 'noise night', 'little noisy']","['traffic noise from street disturbed my sleep', 'road traffic noise at night is annoying even though the hotel is on a street which is not too busy the road noise is bothersome at night if you get a room facing the road i switched to a garden view room and road noise was not an issue there', 'a lot of street noise at night from the hostel across the street']"
29,271,29_privacy_glass_door_bathroom,"['privacy', 'glass', 'door', 'bathroom', 'bathroom door', 'toilet', 'glass door', 'doors', 'sliding', 'door bathroom', 'shower', 'privacy bathroom', 'frosted', 'transparent', 'close']","['the bathroom door is a glass door it is very beautiful but we missed the privacy', 'bathroom door wall was glass so it meant basicly no privacy on the bathroom', 'no lock on bathroom door didn t like the glass door']"
30,270,30_breakfast_hotel breakfast_hotel_expensive,"['breakfast', 'hotel breakfast', 'hotel', 'expensive', 'star', 'breakfast hotel', 'breakfast expensive', 'star hotel', 'euro', 'good', 'better', 'quality', 'price', 'cost', 'hotels']","['the landings smelt a little like nursing homes but once in the room it was spot on the lift felt a little juddery slow but i don t like lifts so am not the best person to pass judgement it s a pity you don t appear to be able to access the hotel from the rear car park which would make life a little easier not to mention safer for ladies who may be travelling alone because having to walk around from the side road to the front of the hotel whilst not far could be a little concerning late at night my main gripe has to be saved for the cost of the breakfast because 12 95 for a buffet breakfast i can t help thinking this to be a little outrageous for that sort of money i expect a freshly cooked breakfast especially when you can literally go around the corner and find a cafe which charges less than 5 00 for a cooked breakfast albeit not eat as much as you like but whilst i m no cheapskate when you have three breakfasts to pay for 12 95 each soon adds up to be ridiculous even if breakfast is the most important meal of the day three breakfasts with a pint of fresh orange juice coffees for less than 18 00 as opposed to paying 38 85 is a no brainer i honestly believe if the hotel were to charge between 7 95 and 9 95 they d see more footfall through their restaurant for breakfast and surely when you re serving from a buffet the more you can get in the better', 'breakfast is really poor for a 4 stars hotel there are no choices only basics it is similar to a 2 star hotel breakfast', 'do not select the room with breakfast this is the most disappointed choice that i ve ever made during this trip the breakfast is soooooo sad i saw comments that the hotel manager made saying that they already improved their breakfast i was hopping that when we arrived the hotel will at least have some improvement because of all these complains but the breakfast is incredible over priced it is totally a ripped off for 25 euro per person you get five kind of bread 3 of them are toast with different oatmeal taste pretty much the same and juice that poured from boxed juice that you can easily get everywhere the mix fruits is the same every day you can t tell them apart from canned fruit they are cubes and watery there s not even any hot stuff if you want egg that s an addition 9euro which is a joke to me a heavily carb based unbalanced breakfast for 4 of us for 4 days is 400 euro this is ridiculous you can easily get a lovely meal at a fancy restaurant for this price the service is also quiet miserable i saw the waitress pouring juice from boxes and get coffee from automatic coffee machine there s not much to do really but you still get your hot drinks over 10 minutes of waiting and one day the table next ours got their hot chocolate thick like jam even they are already waited for a long time they have to send it back and wait again the breakfast is not making any sense for me i m willing to pay for the price but at least serve me something that s acceptable and please improve the service i booked two rooms with two twin beds since we are a family of four it was pretty clear written on the booking information some how they left only one room with twin bed it takes quiet a long time to check us in it was probably the longest time that i waited for since the hotel only have about less than 50 rooms because of the bed situation the staff tried to make it up by upgrading us to larger rooms']"
31,257,31_fridge_fridge room_small fridge_mini,"['fridge', 'fridge room', 'small fridge', 'mini', 'ice', 'refrigerator', 'mini fridge', 'bar fridge', 'drinks', 'room fridge', 'machine', 'mini bar', 'refrigerator room', 'water', 'fridge working']","['a fridge in the room is recommended bed sags in the middle', 'the mini fridge in the room is not like a normal fridge so it won t work if you have food drinks to keep cold', 'a mini bar fridge in the room would have been useful']"
32,240,32_expensive_price_london_prices,"['expensive', 'price', 'london', 'prices', 'guess', 'value', 'cheaper', 'little expensive', 'high', 'pricey', 'bit expensive', 'value money', 'expensive london', 'worth', 'money']","['it is a little bit expensive but well it s london', 'a little expensive for what you get but its london i guess', 'nothing a bit expensive but it is london i guess']"
33,234,33_think_thing_didn like_fault,"['think', 'thing', 'didn like', 'fault', 'perfect', 'like', 'longer', 'say', 'negative', 'stay', 'really', 'stayed', 'did like', 'didnt like', 'loved']","['there was absolutely nothing i didn t like about jaz it was perfect', 'only thing i didn t like was the fact we could only stay for one night', 'nothing really cant think of a single thing i didn t like']"
34,228,34_gym_fitness_equipment_gym small,"['gym', 'fitness', 'equipment', 'gym small', 'fitness room', 'fitness center', 'machines', 'workout', 'use', 'use gym', 'fitness centre', 'facilities', 'gym facilities', 'small gym', 'spa']","['the gym facility is not good enough', 'there is no gym at the hotel they have passes for a near by gym however it was very cold january and it was a hassle to walk to the gym', 'nothing really although gym was poor a few pieces of equipment not really a gym apart from that very goo hotel']"
35,226,35_smell_perfume_smell room_smelled,"['smell', 'perfume', 'smell room', 'smelled', 'bad smell', 'scent', 'smells', 'bad', 'odor', 'odour', 'musty', 'damp', 'unpleasant', 'room', 'strong']","['there was a lingering unpleasant smell throughout the whole establishment and curiously the worst was the sewage smell in the lift', 'the air freshner in bedroom very sickly smell', 'smell there were two rooms with the worst smell ever']"
36,206,36_drinks_bar_prices_drinks bar,"['drinks', 'bar', 'prices', 'drinks bar', 'wine', 'bar prices', 'service charge', 'expensive', 'bar expensive', 'charge', 'expensive drinks', 'bottle', 'glass', 'sky', 'drink']","['the price of the drinks in the bar the addition of the service charge on each order of table serviced drinks in the sky at not just once st the end', 'the drinks prices int he bar were very expensive', 'drinks in the bar were very expensive even for soft drinks']"
37,203,37_dusty_dust_cleaned_clean,"['dusty', 'dust', 'cleaned', 'clean', 'cleaning', 'glasses', 'dirty', 'room dusty', 'room cleaned', 'cleaner', 'cleanliness', 'dust room', 'left', 'room', 'clean room']","['i m not sure if it because of blossoming but it seemed that in my room which was on the 5 th floor had lot dust everywhere in the room even dusty balls', 'dusty room not cleaned as well as would expect', 'dust the room was very dusty there was dust on the lights side tables etc']"
38,199,38_taxi_airport_driver_shuttle,"['taxi', 'airport', 'driver', 'shuttle', 'taxis', 'taxi driver', 'cab', 'taxi airport', 'uber', 'book taxi', 'pick', 'asked', 'drivers', 'taxi hotel', 'hotel']","['we ordered a taxi the night before our departure for early the next morning on arriving at the reception in the morning the gents at the desk seemed flustered and only then called us a taxi the taxi was almost 10 minutes late when it arrived it was an unmarked car and seemed to have no meter for charge when we asked the driver how much it was to the station he said that they told him 30 which is 3 times the amount that our london based friend had said it would be to that station we were clearly unhappy at a late taxi which had been prebooked and then being ripped off by the unlicensed taxi that did pick us up after almost missing our train to the airport we were most unhappy with the staff at reception who seemed to be almost useless and we are unsure whether it was even a licensed taxi company definitely not a good note to leave it on and we would not return', 'taxi could have been booked for airport as requested', 'the staff recommended us to prebook transportation to the airport due to the fact that it could be hard to get a taxi the prebooked towncar was late while taxi after taxi past by']"
39,194,39_key_key card_keys_room key,"['key', 'key card', 'keys', 'room key', 'card', 'cards', 'key cards', 'work', 'times', 'keycard', 'door', 'door key', 'didn work', 'room keys', 'reception']","['you have to leave your key at the door when you go out prefer to keep my key', 'room key card system was not working properly', 'key card did not work well']"
40,189,40_booking_com_booking com_reservation,"['booking', 'com', 'booking com', 'reservation', 'booked', 'cancel', 'price', 'date', 'charged', 'bookings', 'booking booking', 'booked booking', 'book', 'cancelled', 'told']","['after 3 days stay i booked again for 4 days but when we arrived at the reception around 23h they told me they cannot find my booking i have no choice but book again at the reception the price is higher than which i booked via booking com and the next day morning the hotel told me they found the online booking i even didn t ask the hotel to reimburse me the price difference i just ask them to cancel one of the double booking but in the afternoon i still received an email from booking com saying that i didn t check in what a stupid booking system', 'after 3 days stay i booked again for 4 days but when we arrived at the reception around 23h they told me they cannot find my booking i have no choice but book again at the reception the price is higher than which i booked via booking com and the next morning the hotel told me they would cancel the previous booking because they find the online booking but in the afternoon i received an email from booking com saying that i didn t check in what a stupid booking system', 'booking com could have been better after this reservation we had trouble with 3 other reservations on our trip that we had to sort out with the owners no thanks to booking com i do not recommend using booking com at all']"
41,187,41_luggage_suitcases_suitcase_space,"['luggage', 'suitcases', 'suitcase', 'space', 'small', 'room small', 'luggage room', 'small room', 'open', 'hardly', 'open suitcase', 'place', 'room', 'bags', 'tiny']","['the size of the room was very small navigating around suitcases etc was not easy', 'the room was tiny hard to find a space to open my suitcase', 'the room was small not enough room to put suitcases down for two people']"
42,176,42_twin_double_beds_double bed,"['twin', 'double', 'beds', 'double bed', 'bed', 'booked', 'twin room', 'single', 'booked twin', 'single beds', 'twin beds', 'booked double', 'got', 'double room', 'booking']","['we booked for a room with a double bed they attached two single beds and made it look as a double bed', 'website asked us to choose twin beds or double bed despite us choosing a double bed we were given a twin room and could not be changed', 'i had booked a twin room for my mother and i on arrival quite late in the evening our twin room consisted of two single beds pushed together and made up as one double style bed i raised this with the receptionist on duty and asked if the beds could be separated which meant moving bedside tables lamps etc he looked in the room and abruptly told me that was a twin room he was not prepared to do anything about it as this was how twin rooms were in london and that i should look at the pictures on the website which displayed twin rooms as two single beds pushed together i informed him i had stayed in many twin rooms in london previously and this was not the case he again refused to do anything and left the room leaving us to try to separate then beds which was not possible due to the other bedroom furniture being secured in the way so i had to share the bed with my mum which was not what i had paid for or what we expected i checked the website and twin rooms are displayed as seperate beds i will not stay at this hotel again and if you want a twin room i would not stay at this hotel either']"
43,174,43_london_central london_small london_central,"['london', 'central london', 'small london', 'central', 'small', 'price', 'rooms', 'bit small', 'london hotels', 'rooms small', 'london rooms', 'guess', 'size', 'room', 'london price']","['room was a bit small but thats typical of central london', 'room is a little bit small but it is central london so it is understandable', 'not much small rooms but normal for central london']"
44,173,44_housekeeping_cleaning_cleaned_clean,"['housekeeping', 'cleaning', 'cleaned', 'clean', 'clean room', 'room cleaned', 'day', 'service', 'cleaning room', 'cleaning service', 'cleaners', 'days', 'came', 'room', 'left']","['cleaning housekeeping is not doing their job well they keep coming back as requested but still leave the place as it was before', 'the housekeeping was very lacking out of 4 nights we got turndown service once two days we returned to the room a 4 pm and the room had not been cleaned i made coffee in the room and the next day it was not replenished you rarely could call housekeeping and get anyone to answer messages were left with housekeeping but you did not get what you had asked for very disappointing', 'not so great housekeeping need to take a lesson from four seasons']"
45,172,45_paris_paris room_small_rooms,"['paris', 'paris room', 'small', 'rooms', 'paris hotels', 'small room', 'location', 'hotels', 'metro', 'great', 'area', 'typical', 'hotel', 'central', 'rooms small']","['room small but that s paris for you but everything else makes up for it', 'wish it was more inside paris can take a long time to go from there to the heart of paris', 'you need the metro to get to the center of paris']"
46,170,46_water_bottle_bottle water_complimentary,"['water', 'bottle', 'bottle water', 'complimentary', 'water room', 'bottles', 'bottled', 'bottled water', 'complimentary water', 'drinking', 'free', 'drinking water', 'small bottle', 'bottles water', 'water rooms']","['had to pay 2 75 for a bottle of water in room why not complimentary', 'no complimentary water in the room a 50cl bottle of water from the mini bar at 6 is excessive when it costs them 30 cents at most', 'free bottle of water in room the bottle water was very expensive to buy that was in room']"
47,167,47_double bed_double_beds_single beds,"['double bed', 'double', 'beds', 'single beds', 'singles', 'pushed', 'single', 'bed', 'singles pushed', 'bed singles', 'beds pushed', 'asked double', 'bed single', 'twin beds', 'twin']","['the double bed is two single beds together', 'we had 2 single beds pushed together instead of a double bed', 'the two single beds pushed to a double bed']"
48,166,48_shampoo_soap_gel_shower gel,"['shampoo', 'soap', 'gel', 'shower gel', 'conditioner', 'body', 'lotion', 'soap shampoo', 'shower', 'gel shampoo', 'toothbrush', 'body lotion', 'shampoo shower', 'hair', 'tooth']","['poor bath service utilities soap shampoo etc', 'lack of toiletries only had a soap and a conditioner bottle no showergel or shampoo', 'nothing not to like but just to let fellow long maned travellers know there was no hair conditioner i didn t bring any and there was only shampoo the complimentary soap shower gel shampoo and body lotion were nice though i have very sensitive skin and had no problems']"
49,166,49_shower_wet_bathroom floor_floor,"['shower', 'wet', 'bathroom floor', 'floor', 'water', 'bathroom', 'floor shower', 'flooded', 'water floor', 'shower door', 'shower water', 'shower curtain', 'wet shower', 'curtain', 'bathroom wet']","['the shower water leaked all over the bathroom floor', 'you can t take a shower without wetting the whole bathroom floor', 'shower has a tendency to wet the bathroom floor']"
50,166,50_tram_centre_city_trams,"['tram', 'centre', 'city', 'trams', 'city centre', 'far', 'center', 'tram station', 'stop', 'walk', 'location', 'ride', 'minutes', 'station', 'bit far']","['the location however the walk to the tram stop was very nice the woodland and the rabbits', '15 mins tram from city centre but tram was frequent and distance was acceptable', 'it s a bit far from the city centre about 20 minutes by tram but you have a tram station right in front of the hotel']"
51,165,51_bath_shower_tub_shower bath,"['bath', 'shower', 'tub', 'shower bath', 'bath shower', 'bath tub', 'bathtub', 'curtain', 'tub shower', 'shower shower', 'shower curtain', 'bath room', 'prefer', 'bathroom', 'walk shower']","['the fact that there was only a bath tub and not a shower', 'shower in bath walk in would be better', 'i should have asked about a shower that is not within a bath as i have difficulty climbing in a bath perhaps i will check that next time or maybe i should have been asked if a shower over the bath was okay']"
52,165,52_staff_rude_staff friendly_helpful,"['staff', 'rude', 'staff friendly', 'helpful', 'friendly', 'staff rude', 'cleaning', 'staff helpful', 'rude staff', 'unhelpful', 'room', 'rooms', 'room staff', 'unfriendly', 'dirty']","['reception staff are friendly and helpful but cleaning staff are not all surfaces in our room had dust for the entire stay we didn t complain waiting to see when it would be cleaned we even drew a line on the dust to be visible it was never cleaned and the cleaning staff were just rude whenever we would sleep in and put the do not disturb sign they would vacuum our threshold banging the vacuum cleaner onto our door for 20 mins just so that they finish all the cleaning at 10 am the handy smartphone they give is horrible it s slow works half the time and has a short battery life 2 3 hours or so with usage or attempt at usage to be accurate', 'staff were rude cheats were dirty when asked for fresh sheets the staff were unbelievably rude', 'rude staff not helpful very small rooms']"
53,162,53_buffet_breakfast buffet_buffet breakfast_breakfast,"['buffet', 'breakfast buffet', 'buffet breakfast', 'breakfast', 'food', 'hot', 'order', 'eggs', 'hot food', 'cooked', 'choice', 'selection', 'breakfast expensive', 'food breakfast', 'limited']","['you could have included some hot dishes on the breakfast buffet', 'breakfast buffet was a bit on the small side', 'the breakfast buffet could have been a bit more comprehensive']"
54,158,54_toilet_bathroom_dirty_mould,"['toilet', 'bathroom', 'dirty', 'mould', 'clean', 'cleaned', 'tiles', 'mold', 'sink', 'stains', 'black', 'bath', 'shower', 'basin', 'toilets']","['i think the managers should really pay much more attention to cleanliness the ventilator in the bathroom hasn t been cleaned for ages the bath s drain was blocked by hair there are mold stains on the tiles', 'bathroom tired black mould on tiles', 'bathroom could have been a little cleaner mould on tiles and around bath seal']"
55,157,55_amsterdam_centre_central_city,"['amsterdam', 'centre', 'central', 'city', 'tram', 'mouse', 'location', 'walk', 'far', 'station', 'ride', 'center', 'expensive', 'train', 'minute']","['far away from amsterdam city center', 'the hotel needs to be renowed as many of the hotels in central amsterdam', 'the location located in another station 5 mins from the amsterdam central not hard to get to but if only it was in the centre']"
56,155,56_spa_massage_use spa_spa facilities,"['spa', 'massage', 'use spa', 'spa facilities', 'spa area', 'facilities', 'treatments', 'use', 'relaxing', 'spa facility', 'treatment', 'hotel spa', 'facility', 'access', 'lovely']","['the segregated male female spa area also slightly smelly spa steam rooms the spa could be much better', 'kids everywhere in the spa every day even if it was not allowed during certain hours spa not relaxing', 'the very heavy perfumed bodylotion soap and shampoo in the bathroom it was much more delicate in the spa though and more discrete was surprised so many guests in the spa had their smartphones in the spa photographing and making selfies over and over again that was odd and nothing i expected to see in a delicate spa had nothing to do with the spa facilities which was very nice though a bit disappointed about the hamam looked forward to try it but there wasn t any staff there maybe because of the time we visit the spa friday evening 18 30']"
57,151,57_hot_water_shower_water shower,"['hot', 'water', 'shower', 'water shower', 'temperature', 'hot water', 'cold', 'hot cold', 'warm', 'water temperature', 'shower hot', 'temperature shower', 'shower temperature', 'water hot', 'cold water']","['lack of hot water in the shower always going cold', 'water temperature was not consistent for the shower hot cold', 'the water in the shower was slow and not hot']"
58,149,58_walls_hear_walls hear_neighbours,"['walls', 'hear', 'walls hear', 'neighbours', 'door', 'neighbors', 'hear people', 'room walls', 'walls bit', 'talking', 'paper', 'neighbour', 'hear room', 'snoring', 'people']","['thin walls could hear everything outside the room', 'the walls are too thin so you could hear everyone walking up and down the corridor', 'thin walls so you could hear the person next door']"
59,146,59_reception_reception staff_friendly_staff reception,"['reception', 'reception staff', 'friendly', 'staff reception', 'staff', 'rude', 'staff friendly', 'helpful', 'reception friendly', 'girl', 'unfriendly', 'smile', 'girl reception', 'man', 'welcoming']","['the reception staff were not very helpful and often rude', 'reception staff not that friendly but this was not a problem', 'not all the reception staff were friendly although most were']"
60,143,60_noisy_breakfast_noise_street,"['noisy', 'breakfast', 'noise', 'street', 'hear', 'poor', 'noisy breakfast', 'room noisy', 'sound', 'night breakfast', 'breakfast room', 'eggs', 'noisy room', 'noisey', 'room']","['1 seen a rat twice in the breakfast room the staff explained that it s because it s cold nowadays and there is an old building next to it but surely there isn t anything in the room it was very clean 2 the breakfast is abit expensive might consider lowering the price to about 15 also it s very limited and always the same things 3 maybe you get annoyed with the noise at night for me i didn t find difficulty sleeping i could hear sound from the street but it wasn t too loud', 'the cooked breakfast wasn t great but ok the room we had wasn t well enough lit not enough lights throughout the room quite noisy as we had a room on the front of the hotel no sound insulation', 'despite the room was cosy it was quite noisy in the morning because of the street cars trams roadworks all these produced a lot of noise the window is equipped with a special glass section to reduce the noise didn t help a lot but this also blocks the flow of fresh air also i didn t like breakfast the only place where staff wasn t friendly at 10 00 they asked to leave the dining room normally 4 hotels never do this they just kindly ask if you would like something else to take because the buffet is going to be closed but not at this hotel the rest was quite good']"
61,139,61_alarm_alarm went_went_false,"['alarm', 'alarm went', 'went', 'false', 'alarms', 'false alarm', 'going', 'evacuation', 'wake', 'morning', 'smoke alarm', 'twice', 'test', 'night', 'apology']","['the fire alarm went off one night at 12 30 am it took 30 mins to switch them off as it was a false alarm no apology was given the next day ar check out', 'fire alarm went off during one evening informed of false alarm and told i could return to my room even though alarm was still active', 'the fire alarm went off while we was in the swimming pool staff came after the alarm switch off after about 5 to 7 minutes not knowing what happen and then said everything it s okay']"
62,139,62_continental_continental breakfast_english_english breakfast,"['continental', 'continental breakfast', 'english', 'english breakfast', 'breakfast', 'breakfast continental', 'included', 'breakfast included', 'choice', 'cooked', 'eggs', 'breakfast breakfast', 'cooked breakfast', 'breakfast good', 'extra']","['i think full english breakfast should be included in the rate as the continental breakfast was poor', 'i thought a continental breakfast could have been included', 'everything was perfect basic continental breakfast only']"
63,137,63_noise_noisy_shower_bathroom,"['noise', 'noisy', 'shower', 'bathroom', 'hear', 'pipes', 'loud', 'water', 'toilet', 'sound', 'plumbing', 'coming', 'noises', 'water pipes', 'noisy hear']","['we could hear every noise from next room and every door closing hardly got any sleep when i told front desk her answer was there was a connecting door but that doesn t explain all the noise coming from hall way and room on other side the bathroom is very dangerous even if you have curtain closed water from shower still gets into floor and makes it very slippery', 'small rooms and very noisy could hear people walking around in other rooms adjacent to mine also can hear every time they use their water sounded like the water was dripping running into my room', 'pillows very uncomfortable water in the shower not hot enough quite noisy at night sounded like water pipes airconditioner although not on or possibly an over active fridge not sure exactly where the constant noise was coming from']"
64,136,64_bar_bar staff_service bar_staff,"['bar', 'bar staff', 'service bar', 'staff', 'slow', 'bar service', 'staff bar', 'service', 'bar bar', 'drink bar', 'drink', 'wait', 'concert', 'served', 'busy']","['laziness of some bar staff and lack of service at the bar', 'very slow service in the bar more staff obviously needed', 'not available nor friendly bar staff']"
65,135,65_bed_small_walk bed_wall,"['bed', 'small', 'walk bed', 'wall', 'bed wall', 'room bed', 'climb', 'bed room', 'small bed', 'room small', 'bed bed', 'cramped', 'size', 'space', 'climb bed']","['room was very small no room to walk around the bed much', 'bed bedroom were very small narrow so there was only room to walk on one side of the bed the other was a wall that is a pain for the one next to the wall trying to get out of bed during the night bed was uncomfortable pillows too hard', 'the room was quite small where the bed was against one wall']"
66,133,66_metro_station_metro station_walk,"['metro', 'station', 'metro station', 'walk', 'center', 'city', 'train', 'far', 'bus', 'hotel', 'train station', 'location', 'walking', 'walk metro', 'minutes']","['the hotel is next to mundet metro station 3 minutes on foot if you want to go to city centre it s about 20 minutes and 12 metro stations away but fortunately you don t have to change line l3', 'the location of this hotel is really not good i dont mind staying a little bit out of town as long as there is a metro station near by the nearest metro station istria is about 1 5 km away but i whould not suggest walking from there late at night or with a big suitcase another metro station sondrio is about 1 6 or 1 7 km away and you can take a bus for about half of the distance ok for one night if you dont mind a little extra walking', 'my own stupidity at getting off the wrong metro station it s not bercy metro its the next one my bad not the hotels']"
67,130,67_double_bed_double bed_beds,"['double', 'bed', 'double bed', 'beds', 'king', 'single', 'double room', 'king size', 'small double', 'size', 'queen', 'pushed', 'size bed', 'single beds', 'twin']","['the room was quite small double room was two single beds pushed together', 'double bed the room was big enough to fit a king or queen bed yet only a double', 'double bed was quite small a king size would of been better']"
68,128,68_bathroom_breakfast_shower_breakfast bathroom,"['bathroom', 'breakfast', 'shower', 'breakfast bathroom', 'bath', 'breakfast included', 'bathrooms', 'included', 'small bathroom', 'breakfast expensive', 'small', 'sink', 'poor', 'toilet', 'bathroom quite']","['breakfast area too narrow and crowded difficult to get around the buffet the bathroom has an awfully dangerous access to the bath whoever designed it wasn t thinking of using it but it could be very easy to have an accident getting in or out of the bath also as it happens too often in hotels these days the bath screen doesn t cover completely and it s impossible not to make a mess and flood the bathroom while having a shower', 'bathroom was very tiny not even a proper sink no breakfast included', 'breakfast not included bathroom a bit too small']"
69,128,69_mirror_hair_mirrors_length mirror,"['mirror', 'hair', 'mirrors', 'length mirror', 'length', 'mirror bathroom', 'plug', 'mirror room', 'lighting', 'socket', 'dressing table', 'near', 'dressing', 'hairdryer', 'drying']","['my only negative no plug point close to a mirror when using hair dryer very difficult to dry style hair without a mirror easily rectified', 'there was only one mirror and that was in the bathroom it was only on our last day that we discovered there was an electrical outlet by the radiator for drying hair in front of the mirror we also discovered that there was a full length mirror inside the wardrobe', 'no full length mirror and no where to plug in personal hair appliances with a mirror']"
70,124,70_signage_entrance_signs_difficult,"['signage', 'entrance', 'signs', 'difficult', 'sign', 'road', 'locate', 'hotel', 'directions', 'got lost', 'gps', 'station', 'hard', 'easy', 'entrance hotel']","['hard to find and the entrance is very small as we cannot see the signage of the hotel', 'difficult to find as there is no signage on the main road', 'outside signage could be better difficult to find off the road']"
71,123,71_iron_ironing_board_ironing board,"['iron', 'ironing', 'board', 'ironing board', 'iron room', 'iron ironing', 'board room', 'clothes', 'iron board', 'shirt', 'board iron', 'irons', 'asked iron', 'room iron', 'ironing facilities']","['only a minor detail non availability of an iron and ironing board', 'there was no iron or ironing board in the room breakfast was too expensive', 'we asked for an iron with ironing board unfortunately the iron leaked water and stained our clothing the ironing board was broke and didn t stand up']"
72,123,72_clothes_drawers_wardrobe_space,"['clothes', 'drawers', 'wardrobe', 'space', 'closet', 'storage', 'hangers', 'shelves', 'hanging', 'hang', 'hanging space', 'unpack', 'drawer', 'clothing', 'small']","['space to hanger longer clothes in a wardrobe', 'the wardrobe is too small there is no enough room between each clothes hangers', 'storage space for clothes eg drawers for underwear and folded clothes plus extra hangers in the wardrobe space']"
73,120,73_pressure_water pressure_shower_shower head,"['pressure', 'water pressure', 'shower', 'shower head', 'head', 'pressure shower', 'water', 'shower pressure', 'low', 'shower water', 'weak', 'bath', 'shower low', 'taps', 'hand']","['the shower head had weak pressure although it did work', 'shower head not enough pressure', 'the water pressure from the shower head wasn t very strong probably due to the fact that the water doesn t drain very well either']"
74,120,74_price_hotels_value money_value,"['price', 'hotels', 'value money', 'value', 'money', 'hotel', 'prices', 'high', 'paid', 'luxury', 'cheaper', 'overpriced', 'stay', 'better', 'expensive']","['value of money better hotels in cheaper price i think it s over rated hotel', 'not worth the money i lived in hotel indigo paris before i checked in to this hotel i normally love small boutique hotel but this one is not so great starting from reception i did mention it was my first time in paris and it is our honeymoon hotel indigo was so nice to upgrade us a room for free while this hotel was offering an upgrade for a very high price when they are not at a busy season also when i ordered 2 cups of coffee in the morning 4 euro per cup they tried to charge me another 10 euro for room service fee this is outrageous and crazy i stayed at many five start luxury hotels worldwide before this is the first time someone charged this much for 2 coffee they are also selling their hotel bath robe in the room with a price tag all these things just made me feel that this hotel is very cheap trying to make money in every way possible i will choose other hotels for sure next time i m in paris', 'for the price and money i have spent on hilton hotels the conrad is by far better value for money']"
75,120,75_price_value_money_value money,"['price', 'value', 'money', 'value money', 'price room', 'small', 'basic', 'small room', 'size room', 'room expensive', 'rooms', 'money room', 'size', 'expensive', 'room']","['i thought the size of the room was poor value for money', 'value of money for my room because it was too small and i paid a lot of money to be big', 'extremely small room too small for the price not great value']"
76,120,76_sauna_steam room_steam_jacuzzi,"['sauna', 'steam room', 'steam', 'jacuzzi', 'pool', 'spa', 'sauna steam', 'swimming', 'pool sauna', 'swimming pool', 'gym', 'facilities', 'changing', 'leisure', 'hot tub']","['would have liked more pool facilities sauna jacuzzi', 'the sauna was too small and the wet sauna was closed', 'my wife and i would have liked to have a steam room together and a sauna but there isn t a sauna']"
77,119,77_mini bar_mini_minibar_bar,"['mini bar', 'mini', 'minibar', 'bar', 'bar room', 'drinks', 'stocked', 'alcohol', 'expensive', 'free', 'beer', 'prices', 'soft drinks', 'room mini', 'minibar room']","['i would do with some mini bar selection but that was a minor setback', 'for the price the mini bar could have been included', 'bar nowhere to put my case very little in mini bar']"
78,118,78_sound_soundproofing_insulation_soundproof,"['sound', 'soundproofing', 'insulation', 'soundproof', 'hear', 'sound proofing', 'proofing', 'sound insulation', 'sound proof', 'proof', 'neighbours', 'rooms', 'rooms soundproof', 'poor sound', 'rooms sound']","['better sound insulation for balcony giving on the street', 'the roomed not very big and sound insulation is not very good', 'the sound proofing was very poor could hear all corridor noise throughout the night']"
79,116,79_english_speak_language_understand,"['english', 'speak', 'language', 'understand', 'speak english', 'staff', 'understand english', 'hard understand', 'speaking', 'spoke', 'understanding', 'communicate', 'speaks', 'english speaking', 'accent']","['staff at the reception table could speak better english', 'a lot of everyday staff cannot speak english chambermaids etc', 'staff do not speak much english']"
80,114,80_like hotel_didn like_hotel_like,"['like hotel', 'didn like', 'hotel', 'like', 'dislike', 'faults', 'fault', 'recommend', 'definitely', 'great hotel', 'highly recommend', 'fault hotel', 'great', 'say', 'stay']","['there was absolutely nothing we didn t not like at this hotel everything was perfect', 'i cannot think of anything not to like about the hotel', 'there was not really anything we didn t like about the hotel it was a great hotel and we would definitely go again']"
81,114,81_included_breakfast included_booking_breakfast,"['included', 'breakfast included', 'booking', 'breakfast', 'booking com', 'com', 'charged', 'pay', 'extra', 'said', 'booked', 'included breakfast', 'told', 'reservation', 'told breakfast']","['i had included breakfast in our stay on booking com and even upgraded our stay to ensure this however on going down to breakfast we were advised this was not included and i would need to pay 25 per person when i checked my confirmation email there was nothing to confirm i had selected this option i am 100 sure however i had selected this on booking com as there was the green icon breakfast included and when i pressed book it had another breakfast included icon to confirm again i found this really embarrassing on checking out we were charged 2 full english breakfasts 25 each where i only had the continental i had confirmed this with the waiters at the time and advised i only had a bowl of porridge the staff on checkout were not too helpful and tried to advise breakfast included means you still have to pay they seemed very put out and made many phone calls in clarifying what i had that morning they finally charged me for my continental however this was 20 which is a very expensive bowl of porridge i ve lost my trust in booking com as it cost me a lot more than i had budgeted and there was nothing to defend me i didn t find the member of staff on checkout helpful in this matter', 'breakfast was not included in booking com', 'breakfast was not included even though when booked it was']"
82,113,82_disturb_knocking_disturb sign_sign,"['disturb', 'knocking', 'disturb sign', 'sign', 'door', 'knocking door', 'sign door', 'housekeeping', 'knock', 'knock door', 'cleaner', 'maids', 'morning', 'maid', 'clean room']","['left do not disturb sign on door door knocked on twice', 'the maid come in one morning when the do not disturb sign was on the door', 'there was no do not disturb sign for the door so we were disturbed several times by housekeeping']"
83,111,83_told_asked_check_hotel,"['told', 'asked', 'check', 'hotel', 'stay', 'reception', 'manager', 'room', 'said', 'booked', 'night', 'staff', 'receptionist', 'went', 'arrived']","['my second stay at the end of my trip was a nightmare at check in the girl behind the counter insisted i had booked two rooms i had booked one deluxe twin and used my phone to cancel the second after giving me attitude during the entire check in process she handed me the room key and says the porter will show me to my single room our twin room had been split into two singles without us being told due to renovations and hence the second room she had just cancelled it would ve been nice to have been informed prior to check in as my friend and i wanted to share a room and would ve possibly booked elsewhere i was also not asked if this was okay when i found out then my friend had to show her id to check into a room i had already paid for got into the single room and there was barely enough room for me to open my suitcase on the floor we went out for breakfast the next day and put the do not disturb sign on the door as we were checking out later that afternoon but could hear housekeeping starting at about 9 30 10 o clock as we were walking down the corridor a male member of staff asked me which room i had come from when i stated he said next time don t leave the do not disturb sign on if you re not in there i told him there wasn t going to be a next time there certainly won t in future after being lectured by a member of staff after paying 135 pounds for one night in a room i could barely move my case around in and was separated from my friend and we were coming back after breakfast to pack up and check out our check out time was for 12pm however when my friend left her room to visit me at 11 30am she was locked out of her room we are 22 and 23 years old and were treated like unwelcome teenagers by the staff that s not the service i had come to expect after my two night stay earlier that month must be different staff at the weekend but i left feeling about twelve years old', 'our stay at the fitzrovia was a frustrating one we booked a double room and initially the toilet did not work we called down and the staff instructed us how to fix it and later that evening the toilet was completely broken the next morning we were woken up to construction with no heads up about it we contacted the front desk in the morning regarding the toilet and construction and kindly asked to change rooms they told us to come down and they would sort it out once we came down we talked to the reception who told us we wouldn t be able to change rooms until at least an hour later this was after the took our room key for the room we had we explained to them that this was all very incovienent as we had literally woken up and headed right downstairs the reception then asked us if we had nothing else to do until our room was ready honestly this was insulting we are entitled to stay in our hotel room all day if we wanted to we asked about breakfast and the lady told us we could pay 18 we sat in the lobby where we asked for a glass of water which did not come until over an hour later our room was ready the room we changed into was pretty much the same thing we emailed the manager of the hotel regarding this whole ordeal as the service was truly horrible we felt unappreciated unwelcomed and uncomfortable something that should not happen at a four star hotel the hotel manager called our room and then proceeded to apologise and said how she notices we were interested in the breakfast i am actually appalled i did not send an email to get a free breakfast but to ensure this service does not happen to any other guest very insulting the hotel itself is fine but the service is questionable will not be coming back', 'when we arrived we where met by a very nice gentleman whom checked us in and told us where our room was and that it was all ready for us to go up early check in our room was right beside a building site when we looked out the window we where staring right into the workmen faces they even gave us a smile and a wave they where that close not appropriate for a mother with a teenage daughter to be facing onto i asked to be moved and they moved us one floor up to the same horrid dirty brown room no bedside lamps dirty carpets old bathroom one word shabby i then complained to booking com and was told to let the hotel manager sort something out the only thing i wanted them to do was move us to another hotel so i gave them a chance and we got a nicer room on the 8 floor and yes guess what another building site only this time a generator when all night i tried calling booking com back and waited nearly an hour for them to answer but we had a reservation to go to so i had to leave it at that on the monday we were woken to the sound of the fire alarm at 7 05am then again at 8am to be told it was the toaster in the restaurant causing the problem this happened several times and no staff let us know what was going on i had to phone down and ask the reception myself having to cue up for breakfast every morning was ridiculous too surely they must know how many guest they have staying in the hotel the whole experience was horrific it was my 1st time taking my daughter away since her dad died and i certainly didn t expect unfriendly unmannerly staff and a very poor standard and quality of hotel i stay in london regularly and have stayed in some beautiful hotels no way is this hotel worth the price try somewhere else trust me']"
84,111,84_staff_rude_hotel staff_hotel,"['staff', 'rude', 'hotel staff', 'hotel', 'friendly', 'smile', 'unhelpful', 'staff rude', 'training', 'guests', 'rude unhelpful', 'hospitality', 'staff helpful', 'helpful', 'like']","['hotel staff was not helpful at all they couldn t give us any reccomendations it almost seemed like they don t know the city at all', 'staff were rude and unhelpful huffing and puffing everything seemed such an effort like we were putting them out nice hotel other than that', 'it feels like a business hotel that is trying to be family friendly there is a sterile air to the hotel the staff are friendly although lack a little training regarding customer service on arrival i was clearly struggling with some bags yet when i went inside the doorman was so busy chatting to and laughing with a pretty woman that he hadn t bothered coming out to help the staff were helpful behind the counter on all occasions when asked for assistance but only gave part of the answer for example is there an atm near here please yes sir across the road in that direction i came back to the hotel after being unable to find the atm only to be told that it was inside a supermarket out of sight and that i would have to go inside it would have been nice to know that the first time i asked so a reasonable travelling hotel not a comfortable one for a romantic weekend the staff need some client orientation training']"
85,110,85_sockets_plug_outlets_usb,"['sockets', 'plug', 'outlets', 'usb', 'plug sockets', 'outlet', 'power', 'near bed', 'electrical', 'socket', 'electric', 'chargers', 'plugs', 'near', 'points']","['there was no plug sockets next to second bed', 'no plug sockets by the bed so we could charge our phones and a lack of plug sockets in the room all together really', 'plug sockets by the bed would have been nice']"
86,103,86_bar_bar closed_closed_bar area,"['bar', 'bar closed', 'closed', 'bar area', '11pm', 'drink', 'area', 'sky bar', 'bar open', 'open', 'early', 'bars', 'shut', 'closes', 'sky']","['bar closed at 11pm couldn t get bar food after 10 45pm', 'the bar was closed when we arrived so we could not sit in the bar area for a relaxing drink', 'bar closed way too early would have been nice to get a drink after 11pm']"
87,102,87_smell_smell bathroom_bad smell_bathroom,"['smell', 'smell bathroom', 'bad smell', 'bathroom', 'smell room', 'sewage', 'sewer', 'slight', 'drains', 'drain', 'sink', 'bad', 'smelled', 'toilet', 'bathroom smell']","['slight smell in bathroom of london drainage but bathroom clean', 'bad smell from bathroom sink at our suite room rm 108 despite the comfortable bed and sheet we could not sleep at all due to odd smell from the bathroom thus we were very very tired throughout the travel must be from improper plumbing of sewage that bad smell overwhelmed all other great facilities and location of this hotel later we figured the bad smell from the sink where we wash face and brush teeth thus blocked it with water', 'the smell from the bathroom was obnoxious snd possbly unhealthy']"
88,101,88_music_loud_loud music_music bar,"['music', 'loud', 'loud music', 'music bar', 'bar', 'dj', 'disco', 'playing', 'music loud', 'night', 'background', 'party', 'restaurant', 'noise', 'midnight']","['music in bar area not that we mind music just the choice', 'loud music throughout the night until earlier hours', 'another bar without loud music would be good']"
89,99,89_hot water_water_hot_water morning,"['hot water', 'water', 'hot', 'water morning', 'morning', 'water day', 'day', 'morning hot', 'shower', 'water shower', 'water hot', 'water night', 'shower hot', 'problem', 'fixed']","['there was never enough hot water check out was at 9 00 am', 'hot water was an issue on one day', 'one day without hot water']"
90,98,90_restaurant_slow_staff restaurant_service,"['restaurant', 'slow', 'staff restaurant', 'service', 'service restaurant', 'restaurant staff', 'slow service', 'waiter', 'staff', 'service bar', 'service slow', 'food', 'restaurant service', 'steak', 'order']","['service in the restaurant could be slow sometimes', 'staff in restaurant were unfriendly service was slow', 'slow service in restaurant some of the staff were not helpful']"
91,97,91_duvet_blanket_sheet_duvets,"['duvet', 'blanket', 'sheet', 'duvets', 'blankets', 'sheet bed', 'bed', 'heavy', 'extra blanket', 'warm', 'cover', 'cold night', 'hot', 'covers', 'cold']","['i couldn t open the window i would have preferred a sheet and a blanket rather than the duvet', 'would have preferred a duvet instead of a blanket', 'the duvet was pretty much just a sheet had to request a blanket and then a winter duvet']"
92,97,92_shower_bed_mattress_water,"['shower', 'bed', 'mattress', 'water', 'uncomfortable', 'beds', 'bed small', 'bath', 'mattresses', 'soft', 'small', 'drain', 'hard', 'comfortable', 'sheets']","['lovely bathroom but shower not up to standard the bed was a bit hard needed a topper to the mattress or a new more comfortable mattress no tea making facility in room', 'the shower didn t drain minor pain the bed only had one sheet could see straight through to the mattress would have been nicer had there been better sheets or mattress protector', '1 shower was configured horribly it was uncomfortable and small and the water would leak into the floor water pressure was also poor 2 bathroom products were cheap they had the all in one shower gel shampoo and conditioner 3 no mini bar actually there was one it was just empty dirty in side 4 bed had a thin foam thing on top of the mattress which the sheets were tucked into this meant the sheets were never right and came out when you were sleeping it felt like bathing with your socks on 5 curtain had rips all the way through you didn t notice this until the morning when the light came through']"
93,97,93_photos_pictures_smaller_reality,"['photos', 'pictures', 'smaller', 'reality', 'website', 'room pictures', 'photo', 'rooms', 'room smaller', 'pictures room', 'look', 'look like', 'room', 'pics', 'web']","['the pictures were much different they gave me smaller room', 'the pictures on the website do not meet the reality', 'room was smaller and less modern than the pictures made it appear']"
94,97,94_breakfast_breakfast room_small breakfast_small,"['breakfast', 'breakfast room', 'small breakfast', 'small', 'room breakfast', 'small room', 'dining room', 'breakfast selection', 'tiny breakfast', 'basic', 'room', 'limited breakfast', 'dining', 'breakfast little', 'space']","['don t be put off by the small breakfast room get there early as the breakfast is lovely', 'small breakfast room room d cor a bit dated', 'a very small breakfast room with very very small bistro tables']"
95,90,95_slippers_robes_robe_dressing,"['slippers', 'robes', 'robe', 'dressing', 'bathrobes', 'bathrobes slippers', 'bathrobe', 'bath robes', 'gowns', 'dressing gowns', 'bath robe', 'dressing gown', 'slippers room', 'gown', 'pair']","['would of been nice to have free towels bathrobes slippers for spa', 'no refridgerator bathropes slippers cloaset for clotes', 'i should have brought mine slippers there is none no retails around']"
96,89,96_luggage_stolen_bag_key,"['luggage', 'stolen', 'bag', 'key', 'police', 'left', 'bags', 'lost', 'help', 'checked', 'safe', 'hotel', 'passport', 'security', 'reception']","['dear sir hotel customer care i am currently staying in the nh carlton amsterdam the experience has been more than terrible when i arrived my booking via booking com did not showed the person in the reception was making me and asking me if i was sure what was my name asked me to return 30 minutes latter they were able to find my reservation and i was given a room after 1 hour and 4 pm then i went out to eat and when i came back my key did not work the lady in the reception told me the key will not work if it is near a phone or a wallet after 15 minutes waiting no other place happens this i got to the room and the tv did not work i called the reception and they told me to wait for 20 minutes i had to go down and talk with the manager in charge so he could check the tv some else joined me and she found the tv did not work and offered to check it by a technician the day after she was trying not to even offer to change the room i insisted and finally agreed i had to pack and get down get a new key and change no follow up call if things were working they could not care less i do not know who is in charge but i guess they do not really care about the customer the experience or the property i understand things might go wrong but the staff is not enough not willing to solve problems or the customer i will take this to social media and review it on booking com', 'security because my sweet shirt was stolen from my room and my friends luggage was stolen in lobby', 'we left our luggage to the reception staff to be stored until being able to enter the room and our backpack was stolen with all our personal items in it i luckily saved my id and a credit card but everything else was stolen by another guest at the hotel we assume cause they haven t told us anything else so far first reaction from people at the reception was to tell us that we did not leave the backpack to be stored in the luggage room with them and that we never entered it to the hotel later they checked the camera in the reception and they could confirm that we indeed had the backpack with our other luggage in the reception and that we left it there to be put in the luggage room even though we were reimbursed the full price of our booking the trouble that we went through and all the things that we lost can t be compensated']"
97,89,97_sheets_changed_bed sheets_bed,"['sheets', 'changed', 'bed sheets', 'bed', 'change', 'linen', 'bed linen', 'cleaning', 'change sheets', 'change bed', 'clean', 'sheets changed', 'did change', 'cleaned', 'bed dirty']","['sheets on the bed dirty toilet not cleaned had to request a change of room hotel did not change room but asked guest to wait while sheets were changed rooms very small', 'the sheets didn t get changed whilst we were here my fianc spilled tea on our sheets and we could tell the sheets were not changed as the stain was still there everyday after room service would make up room', 'bed sheets not changed every day']"
98,87,98_bed_breakfast_hard_uncomfortable,"['bed', 'breakfast', 'hard', 'uncomfortable', 'soft', 'breakfast bed', 'comfortable', 'bed comfortable', 'beds', 'mattress', 'uncomfortable bed', 'bed mattress', 'bed soft', 'double bed', 'varieties']","['bed was not comfortable breakfast was not that good m', 'bed too soft rollaway too small i breakfast not so good', 'not so many varieties for breakfast bed was not very comfortable especially the pillows']"
99,87,99_upgrade_executive_executive room_upgraded,"['upgrade', 'executive', 'executive room', 'upgraded', 'room executive', 'booked executive', 'standard room', 'standard', 'booked', 'room', 'upgrade room', 'like upgrade', 'free upgrade', 'executive rooms', 'room booked']","['the so called executive room we booked was quite a bit smaller then the executive room i occupied last time so i don t think it was the same standard', 'room in the basement while i clearly stipulate in my booking that i wanted a room on a high floor and not in the main building i have booked a deluxe room and as there was no more room of that category available when i arrived i have been upgraded to an executive room which made me wondering what would be a standard room because the executive one had nothing really executive the bathroom is very basic and not really fancy all in all the hotel is not bad but compared to other hotels in the same you understand why it s cheaper i might have been unlucky with the room i have received as i m often travelling to london i might try it again to confirm my words', 'i upgraded from urban room to executive room although prompted to reconsider by helpful receptionist but when you decide to change from a standard room to executive you d expect more for your money the bathroom was really a big disappointment tiles and floor looked old and dated and the room wasn t very lit or welcoming this remember was a executive room so anyone considering to purchase this upgrade do not all you will get is king size bed and a couch with little extra space']"
100,82,100_hot_cold_plates_cooked,"['hot', 'cold', 'plates', 'cooked', 'hotter', 'cooked breakfast', 'hot breakfast', 'food', 'warm', 'breakfast', 'hot food', 'breakfast cold', 'wasn hot', 'breakfast hot', 'cold breakfast']","['cold plates and warm breakfast rather than hot', 'the plates for cooked breakfast were cold despite a notice telling guests to be aware of very hot plates food was subsequently cold and not good value at 24 for two we should have complained at the time but were in a hurry', 'breakfast was not always hot some parts of cooked breakfast was cold']"
101,82,101_bugs_bed bugs_mosquitos_bug,"['bugs', 'bed bugs', 'mosquitos', 'bug', 'mosquitoes', 'insects', 'ants', 'bed', 'flies', 'spiders', 'kill', 'spider', 'stay away', 'woke', 'moved']","['had bed bugs not a pleasant experience', 'i got bitten by bed bugs on the bed', 'there were bed bugs and have got bites and rash once i got back home']"
102,82,102_barcelona_la rambla_location_rambla,"['barcelona', 'la rambla', 'location', 'rambla', 'beach', 'la', 'hotel', 'metro', 'taxi', 'minutes', 'city', 'walk', 'hotel located', 'away', 'airport']","['lifts were a bit jittery space theme is more accurately 70s retro style if you are staying in barcelona for leisure then you need to be closer to the street called la rambla i stayed at a hotel much closer in during my proper stay in barcelona i only stayed at this hotel after coming from madrid and to catch the next day train connection to paris', 'although the hotel is fairly far from downtown barcelona and the beachfront it is only a 5 minute walk from the nearest metro station that goes direct into central barcelona', 'the location for someone travelling to see barcelona it is too far out']"
103,81,103_hairdryer_hair_dryer_hair dryer,"['hairdryer', 'hair', 'dryer', 'hair dryer', 'hairdryer room', 'didn work', 'hairdryer didn', 'dry', 'work', 'blow', 'dry hair', 'mirror', 'didn', 'button', 'drawer']","['hair dryer in bathroom very little flexibility when styling hair a hand dryer in the bedroom would have been better', 'the hairdryer was a little bit broken hair dryer got overheated easily generally speaking within three seconds and the hairdryer will shut down due to overheated', 'asked for a hair dryer but never got it']"
104,76,104_receptionist_rude_receptionists_lady,"['receptionist', 'rude', 'receptionists', 'lady', 'dealing', 'friendly', 'smile', 'attitude', 'manager', 'receptionist friendly', 'helpful', 'rude receptionist', 'impression', 'welcoming', 'talking']","['nothing bad but a welcoming smile from the receptionist would have been nice', 'lady receptionist not good feeling no smile', 'the receptionist when check in attitude not so good']"
105,76,105_doors_closing_door_slamming,"['doors', 'closing', 'door', 'slamming', 'banging', 'noisy', 'noise', 'doors banging', 'slam', 'shut', 'noisy doors', 'doors slamming', 'morning', 'room doors', 'banging doors']","['the room doors are very noisy when they close guests coming in late kept us awake with their very loud doors opening and closing', 'the banging of the doors but thats due to heavy duty fireproof doors', 'doors banging as they didn t have slow closing facility']"
106,75,106_noisy_bed_uncomfortable_hard,"['noisy', 'bed', 'uncomfortable', 'hard', 'beds', 'comfortable', 'comfy', 'road', 'noise', 'hard bed', 'quite noisy', 'bed hard', 'noisy room', 'mattress', 'uncomfortable bed']","['bed was hard room was 24 5 uncomfortable sleep hard bed front of house noisy till 2am should have automatic front doors like the side entrance as staff find it hard to open a door for you', 'the beds were very uncomfortable and it was quite noisy from the busy road below', 'uncomfortable bed hard mattress small room needed updating broken shower holder so kept falling off noisy road']"
107,75,107_milan_milano_train_station,"['milan', 'milano', 'train', 'station', 'metro', 'far', 'location', 'city', 'central', 'airport', 'bus', 'train station', 'center', 'centre', 'km']","['minimal no frills hotel very far from milan it seemed very expensive but maybe everything in milan overpriced breakfast was ok', 'it outside the milan so if you plan to do city siteseeing its not gona help', 'bit too far from the milan centre but still easy to get there by metro 5min walk to it not much to do around the gotel area']"
108,72,108_tube_tube station_station_nearest tube,"['tube', 'tube station', 'station', 'nearest tube', 'nearest', 'close tube', 'walk', 'far', 'walk nearest', 'close', 'location', 'london', 'bit far', 'stations', 'bit']","['shame not closer to tube station', 'a bit far from the tube station not ideal if you do not have a car', 'a tube station a bit closer would have been great that s our only criticisiam']"
109,71,109_elevator_noisy_lift_room lift,"['elevator', 'noisy', 'lift', 'room lift', 'noise', 'room near', 'near', 'elevators', 'lifts', 'noises', 'noisy room', 'noise night', 'room elevator', 'room', 'floor lift']","['very noisy room next to elevator constant noise all night', 'room next to lift problem could be noisy', 'it s very very noisy the ac fan and especially the elevator are very noisy from 6am you can no longer sleep due to the elevator noise the elvator is very old']"
110,71,110_roof_rooftop_terrace_rooftop bar,"['roof', 'rooftop', 'terrace', 'rooftop bar', 'roof terrace', 'roof bar', 'bar', 'private', 'rooftop terrace', 'private function', 'closed', 'open', 'function', 'bar open', 'bar roof']","['roof terrace closed unneccasarily on any hint of rain', 'couldn t use the roof terrace as there was a private function', 'not allowed access to roof terrace']"
111,71,111_eggs_scrambled_scrambled eggs_egg,"['eggs', 'scrambled', 'scrambled eggs', 'egg', 'poached', 'scrambled egg', 'cooked', 'eggs breakfast', 'poached eggs', 'fried', 'eggs cooked', 'breakfast', 'mushrooms', 'runny', 'breakfast wasn']","['they always run out of scrambled eggs at breakfast', 'scrambled eggs at breakfasts were not so good', 'the fried eggs were awful and the scrambled eggs cold']"
112,71,112_deluxe_deluxe room_deluxe double_double,"['deluxe', 'deluxe room', 'deluxe double', 'double', 'double deluxe', 'room deluxe', 'booked deluxe', 'deluxe rooms', 'room', 'described', 'bigger', 'room described', 'walk bed', 'small', 'rooms']","['deluxe double has a milky window which is in openable', 'the deluxe room didn t feel particularly deluxe or special in any way', 'deluxe room was very small for 151 also booked twin deluxe room for 167 think this was overpriced']"
113,70,113_desk_desk staff_staff desk_staff,"['desk', 'desk staff', 'staff desk', 'staff', 'rude', 'welcoming', 'helpful', 'smile', 'friendly', 'feel uncomfortable', 'help', 'customer', 'parking staff', 'questions', 'attentive']","['staff at front desk were not very slow and not very welcoming', 'the frint desk receptists were not friendly at all', 'front desk staff a little offhanded']"
114,68,114_lounge_executive lounge_club_executive,"['lounge', 'executive lounge', 'club', 'executive', 'club lounge', 'club room', 'snacks', 'breakfast', 'offer', 'upgrade', 'access', 'choice', 'upgraded club', 'food', 'alcoholic']","['the executive lounge could have had more variety in the evening', 'problem with executive lounge one day', 'disappointed that the executive lounge was not open']"
115,67,115_bacon_sausages_breakfast bacon_eggs,"['bacon', 'sausages', 'breakfast bacon', 'eggs', 'bacon breakfast', 'breakfast', 'cooked', 'scrambled', 'egg', 'quality', 'fat', 'undercooked', 'scrambled eggs', 'inedible', 'better quality']","['the bacon at breakfast streaky and full of fat also poor quality sausages', 'bacon and sausages were not browned enough and very pale the scrambled egg was extremely milky', 'it needed bacon as well as sausages at breakfast']"
116,66,116_tax_city tax_city_pay,"['tax', 'city tax', 'city', 'pay', 'person night', 'charged', 'added', 'booking', 'euro', 'taxes', 'tax included', 'euros', 'person', 'paid', 'price']","['i didn t like payment of the city tax was seperat not with the room price', 'if the inclusion or exclusion of the city tax was advised befor checking in', 'city tax for somewhere that s not in the city']"
117,65,117_parking_breakfast_expensive breakfast_london,"['parking', 'breakfast', 'expensive breakfast', 'london', 'car', 'price', 'parking place', 'breakfast parking', 'breakfast included', 'included', 'expensive', 'park', 'place', 'included price', 'pricey']","['the crew very cold no parking place diferent price betwen reservation and price on place no breakfast included in price of accomodation', 'breakfast a bit better than standard fresh fruits only standard no strawberry s blueberry s blackberry s eg coffee cappuccino was self service with small cups tooling machine sounds on weekend room one window can opened the room temperature regulated not higher than approx 20 c television not worked 1 1 2 day parking your problem to come in no parking place at hotel no wallet service this time you stand with your car at the entry in a small oneway street and directly at a traffic sign behind you other cars how to come into the hotel next parking place with cost lower than appox 50 day is half a mile away gym the only bike did not work staff i informed the staff about the findings and the get this information friendly but without any feedback at the evening second day the tv works hurrah bill the bill was 100 higher than expected from booking com i work on this issue', 'staff parking on street excensive breakfast']"
118,63,118_reception_check_reception check_staff reception,"['reception', 'check', 'reception check', 'staff reception', 'slow', 'wait', 'minutes', 'reception busy', 'reception staff', 'long', 'busy', 'waiting', 'reception desk', 'reception reception', 'took']","['reception was unattended when i arrived with a note and phone number calling the number just made the phone on the reception desk ring and it was not answered had to wait 10mins or so for somebody to return which was not great after a long journey and had to get changed and get to function fairly swiftly i saw the same note a few other times passing reception so appeared fairly common', 'waiting at reception as too many check ins and less counters', 'it took 30 minutes to check in not enough staff on reception we were given a disabled person s room which was not very good but had no time to go back to ask to change delayed because of reception']"
119,61,119_trains_train_noise trains_noise,"['trains', 'train', 'noise trains', 'noise', 'railway', 'station', 'passing', 'underground', 'noisy', 'hear train', 'hear', 'tracks', 'line', 'train station', 'underground trains']","['noise from trains and building site next door', 'the property is old and it s by the train tracks so you have noise issues from the trains', 'trains are passing near by but the windows keep quiet']"
120,59,120_drilling_building work_work_woken,"['drilling', 'building work', 'work', 'woken', 'construction work', 'building', 'construction', '8am', 'morning', 'hammering', 'works', 'going', 'work going', 'banging', 'early']","['this hotel is an absolute no go not only are the rooms incomprehensibly small for a 4 hotel but at 8 in the morning we were awoken by construction work strong high pitch drilling noise not on 1 side of the room but on 2 sides it was such a strong drilling noise that i recorded it i can make it available to whomever wants it impossible to sleep to work or basically to stay in the room i called the reception and the guy there told me in a very impolite way that it wasn t his fault and when told that it was not correct to rent such a room he answered that he wasn t supposed to know about the construction work and that i could complain to whomever i wanted it wouldn t change the problem after investigation quickly it appeared that it wasn t the first day of the said construction work so they basically rented the room to us knowingly at a high rate', 'backed on to building work so was woken up at 8am to drilling and a grinder single bed was really squeeky', 'was woken by loud drilling building work going in on 2 days of stay']"
121,56,121_bathrooms_bathroom_updated_updating,"['bathrooms', 'bathroom', 'updated', 'updating', 'dated', 'bathroom little', 'outdated', 'old', 'need', 'modern', 'need updated', 'bathrooms need', 'bathroom dated', 'fashioned', 'old fashioned']","['that the room wasn t modern was more for old people needed to be updated', 'the room is modern but the bathroom is a little dated and not well thought out', 'bathrooms need updating otherwise it s a very good hotel']"
122,55,122_alcohol_beer_licence_bar,"['alcohol', 'beer', 'licence', 'bar', 'gin', 'draught', 'drinks', 'serve', 'wine', 'alcohol hotel', 'cocktails', 'drink', 'selection', 'beers', 'alcoholic']","['no alcohol licence makes the bar a bit redundant', 'geen alcohol in restaurant of aan de bar', 'they do not serve alcohol wine beer in the restaurant and do not have a bar']"
123,54,123_hairs_hair_bathroom hair_cleaned,"['hairs', 'hair', 'bathroom hair', 'cleaned', 'bathroom', 'clean', 'previous', 'bathroom floor', 'floor', 'soap', 'sink', 'left', 'room clean', 'previous guest', 'bar bathroom']","['the only quibble were long hairs in the shower which were not ours', 'filthy bathroom tub had hairs in it and soap scum', 'bathroom cleaning could be improved hairs on floor behind doors etc']"
124,52,124_air_air conditioning_conditioning_cold,"['air', 'air conditioning', 'conditioning', 'cold', 'breakfast', 'breakfast room', 'breakfast cold', 'breakfast expensive', 'poor air', 'cold room', 'cold breakfast', 'air conditioner', 'hot', 'conditioning breakfast', 'breakfast poor']","['the air conditioning to cold for this time of year couldn t get the room warm and the breakfast room was also to cold in the morning', 'breakfast was very poor no air conditioning made room very warm and uncomfortable', '1 air conditioning badly worked it was too cold in room 2 breakfast is too expensive']"
125,51,125_vegetarian_vegan_vegetarians_options,"['vegetarian', 'vegan', 'vegetarians', 'options', 'chicken', 'options breakfast', 'breakfast', 'menu', 'food', 'meat', 'limited', 'choice', 'restaurant', 'don eat', 'choices']","['would have preferred few vegetarian options for breakie', 'not enough vegetarian options for breakfast', 'not many vegetarian and vegan options for breakfast']"
126,50,126_room service_service_phone_order,"['room service', 'service', 'phone', 'order', 'phone room', 'ordering room', 'ordering', 'rang', 'service took', 'service slow', 'downstairs', 'took', 'room', 'answer', 'button']","['the room service was slow and missing items requiring another call to room service', 'few small issues on the telephone the 7 button is stuck making it difficult to call the long and complicated room service number small details matter and shoulnd t there be a single button to dial room service also it seems asking for a spare toothbrush does not constitute as room service in a 4 star hotel which is odd they asked me to come downstairs to pick one up then when i got downstairs they couldn t find one and said they would send one up the staff that i spoke to were not extremely friendly and when you re on the phone to room service they are not extremely helpful either in fact it seems they re quite busy to the point where they re almost insisting you get off the phone that s how i felt one more thing when you re in bed you d like to turn off all the lights with the light switch but it seems most of the lights you have to manually turn them off at the power switches which is a bit annoying once you re cosy and in bed', 'room service phone always engaged customer services said they would get them to ring back but they never did']"
127,50,127_croissants_croissant_french_pastry,"['croissants', 'croissant', 'french', 'pastry', 'fresh', 'france', 'breakfast', 'coffee', 'eggs', 'didn breakfast', 'bread', 'fresh breakfast', 'breakfast poor', 'breakfast couldn', 'breakfast better']","['minus points for us where the neighbourhood close to metro but not a very nice area to walk to the hotel in the evening the breakfast enough variety for french standards but croissants where stale every day that s a pity in france there are so many bakery s with freshly baked croissants every day', 'croissants ran out before the end of allotted time', 'for french breakfast they should have better croissants and baguette']"
